{
  "project_info": {
    "project_number": "1088024173793",
    "project_id": "jumail-map-secj3623",
    "storage_bucket": "jumail-map-secj3623.appspot.com"
  },
  "client": [
    {
      "client_info": {
        "mobilesdk_app_id": "1:1088024173793:android:8417f1db9059af7408eba0",
        "android_client_info": {
          "package_name": "com.example.map_exam"
        }
      },
      "oauth_client": [
        {
          "client_id": "1088024173793-8cfssa1hhus0edh07774bouql2hisvjl.apps.googleusercontent.com",
          "client_type": 3
        }
      ],
      "api_key": [
        {
          "current_key": "AIzaSyB_M6aI3D89IOpj6als_i6aCgEBD4l0ksc"
        }
      ],
      "services": {
        "appinvite_service": {
          "other_platform_oauth_client": [
            {
              "client_id": "1088024173793-8cfssa1hhus0edh07774bouql2hisvjl.apps.googleusercontent.com",
              "client_type": 3
            }
          ]
        }
      }
    }
  ],
  "configuration_version": "1"
}